Fecha,Manufactura,Comercio
01/01/2007,87.2,N/E
01/02/2007,87,N/E
01/03/2007,93.4,N/E
01/04/2007,93.1,N/E
01/05/2007,112,N/E
01/06/2007,94.3,N/E
01/07/2007,90.3,N/E
01/08/2007,94.3,N/E
01/09/2007,90.8,N/E
01/10/2007,94.4,N/E
01/11/2007,92.3,N/E
01/12/2007,116.4,N/E
01/01/2008,89.3,85.1287
01/02/2008,88.8,84.0683
01/03/2008,91.2,86.1291
01/04/2008,96.6,85.1293
01/05/2008,110.1,99.8532
01/06/2008,95,84.998
01/07/2008,91.8,84.939
01/08/2008,90.5,84.7423
01/09/2008,92.5,83.0207
01/10/2008,95.6,84.7424
01/11/2008,90.9,82.4201
01/12/2008,117,105.5416
01/01/2009,87.6,84.9656
01/02/2009,86.9,81.3654
01/03/2009,92.3,83.6481
01/04/2009,94.1,84.6508
01/05/2009,107.4,94.9734
01/06/2009,92.6,82.9619
01/07/2009,92.8,85.2854
01/08/2009,89.4,82.8812
01/09/2009,91.6,82.4262
01/10/2009,91.9,83.6818
01/11/2009,89.9,83.3005
01/12/2009,117.7,108.0763
01/01/2010,87.6,84.2555
01/02/2010,85.9,82.4126
01/03/2010,93.6,86.8566
01/04/2010,92.4,85.3902
01/05/2010,103.9,96.333
01/06/2010,93.8,85.3101
01/07/2010,90.6,87.0526
01/08/2010,90.7,86.2516
01/09/2010,90.8,84.9886
01/10/2010,89.8,84.7533
01/11/2010,89.1,84.1788
01/12/2010,115.5,110.022
01/01/2011,87.2,85.5255
01/02/2011,85.9,83.0246
01/03/2011,94.1,88.0011
01/04/2011,90.6,86.5174
01/05/2011,107.1,99.2471
01/06/2011,94.8,88.8441
01/07/2011,90.1,88.8895
01/08/2011,93.6,86.5416
01/09/2011,92.7,88.1227
01/10/2011,91.4,85.571
01/11/2011,92.2,86.4284
01/12/2011,116.5,111.1804
01/01/2012,89.6,86.7669
01/02/2012,89.1,86.1748
01/03/2012,94.1,90.9318
01/04/2012,92.3,88.1778
01/05/2012,112.4,101.2836
01/06/2012,94.4,89.2315
01/07/2012,92.5,88.6718
01/08/2012,94.3,88.7458
01/09/2012,90.3,87.9341
01/10/2012,91.1,87.6774
01/11/2012,92.8,89.2034
01/12/2012,113.9,115.1723
01/01/2013,93.8,90.8273
01/02/2013,88.4,86.0895
01/03/2013,92.8,87.9749
01/04/2013,94.4,87.7791
01/05/2013,110.6,96.9021
01/06/2013,93,88.5815
01/07/2013,94.9,89.0296
01/08/2013,94.1,89.3383
01/09/2013,90.4,88.3467
01/10/2013,94.9,88.0969
01/11/2013,92.2,89.32
01/12/2013,115.3,110.8829
01/01/2014,92.8,88.8643
01/02/2014,88.4,86.583
01/03/2014,91.5,89.3465
01/04/2014,94.1,87.9439
01/05/2014,111.5,98.7821
01/06/2014,94.6,89.6725
01/07/2014,96.6,90.3384
01/08/2014,92.6,89.7625
01/09/2014,91.6,88.7479
01/10/2014,95.3,90.1397
01/11/2014,91.9,88.9951
01/12/2014,115.2,111.6188
01/01/2015,90.8,90.6826
01/02/2015,89.3,88.5333
01/03/2015,93.7,91.3484
01/04/2015,95.2,90.8389
01/05/2015,112.2,101.7086
01/06/2015,95.3,92.3878
01/07/2015,97.1,94.2851
01/08/2015,93.1,92.2861
01/09/2015,92.7,91.1589
01/10/2015,96,92.5771
01/11/2015,93.9,92.1382
01/12/2015,118.6,113.9589
01/01/2016,91.1,92.4521
01/02/2016,91.3,91.5558
01/03/2016,97,96.2954
01/04/2016,97.2,93.0677
01/05/2016,119.4,104.5175
01/06/2016,99.9,95.7578
01/07/2016,96.1,97.2869
01/08/2016,96.9,95.6597
01/09/2016,98.1,95.7717
01/10/2016,96.2,94.0996
01/11/2016,96.4,94.5551
01/12/2016,120.4,120.4335
01/01/2017,91.9,93.8531
01/02/2017,91.3,92.183
01/03/2017,98.2,99.3656
01/04/2017,95.7,94.5214
01/05/2017,120.9,104.9671
01/06/2017,99.4,96.9943
01/07/2017,93.8,95.2836
01/08/2017,96.7,95.1839
01/09/2017,94.9,94.1413
01/10/2017,95.7,93.4313
01/11/2017,96.7,95.7435
01/12/2017,116.9,119.2541
01/01/2018,91.8,93.9083
01/02/2018,92.2,93.5961
01/03/2018,98.4,100.4679
01/04/2018,96,97.6721
01/05/2018,128,108.3645
01/06/2018,98.6,98.367
01/07/2018,94.2,97.3803
01/08/2018,98.4,98.4295
01/09/2018,93,95.1445
01/10/2018,95.8,95.9557
01/11/2018,95.9,99.6258
01/12/2018,117.6,121.0882
01/01/2019,95,97.5998
01/02/2019,92.7,97.1891
01/03/2019,97.2,101.9506
01/04/2019,97.4,99.1097
01/05/2019,128.5,110.6148
01/06/2019,97.6,99.4928
01/07/2019,96,98.9158
01/08/2019,99.7,101.078
01/09/2019,95.7,98.2585
01/10/2019,98.6,99.6132
01/11/2019,96.4,101.8485
01/12/2019,121.4,123.175
01/01/2020,95.7,99.3744
01/02/2020,94.6,97.2748
01/03/2020,97.1,101.8668
01/04/2020,97.5,99.8179
01/05/2020,119,107.3823
01/06/2020,96.7,96.8044
01/07/2020,98.7,98.4044
01/08/2020,97.3,98.1643
01/09/2020,96.5,96.1765
01/10/2020,100.9,99.2832
01/11/2020,96.9,102.0107
01/12/2020,125.8,125.335
01/01/2021,96.1,99.5063
01/02/2021,95.3,98.1781
01/03/2021,101.5,102.7395
01/04/2021,99.6,101.7779
01/05/2021,124.1,115.6838
01/06/2021,98.2,101.6461
01/07/2021,100.6,105.755
01/08/2021,98.9,101.786
01/09/2021,100.5,101.5169
01/10/2021,100.3,103.2909
01/11/2021,98.7,106.011
01/12/2021,132.2,127.9296
01/01/2022,97.7,104.2469
01/02/2022,99.3,103.3359
01/03/2022,104.7,106.4693
01/04/2022,104.7,109.8309
01/05/2022,129.4,125.5485
01/06/2022,105.1,109.8498
01/07/2022,101.4,110.7014
01/08/2022,101,108.3483
01/09/2022,102.7,107.2351
01/10/2022,100.3,107.9475
01/11/2022,100.4,108.6697
01/12/2022,132.8,134.7691
01/01/2023,100.4,112.3535
01/02/2023,100.7,112.0364
01/03/2023,109.4,116.2703
01/04/2023,106.8,116.6682
01/05/2023,138.1,136.8945
01/06/2023,110.9,118.6213
01/07/2023,104.4,117.9314
01/08/2023,107.5,118.7695
01/09/2023,105.9,118.2536
01/10/2023,105.8,118.4835
01/11/2023,106.9,119.501
01/12/2023,137.4,145.5032
01/01/2024,105.3,121.1362
01/02/2024,108.7,122.499
01/03/2024,112.1,125.6544
01/04/2024,111.5,122.2985
01/05/2024,146.3,147.7206
01/06/2024,111.6,125.1613
01/07/2024,108.1,123.9388
01/08/2024,112.7,129.071
01/09/2024,108,124.8848
01/10/2024,113.3,127.519
01/11/2024,110.1,128.7291
01/12/2024,142.5,153.4021
01/01/2025,112.6,129.4373
01/02/2025,111.1,126.9175
01/03/2025,115,129.0029
01/04/2025,119.5,130.3325
01/05/2025,150.5,153.8429
01/06/2025,116.4,132.6062
01/07/2025,116.2,131.163
01/08/2025,116.2,133.8229
01/09/2025,112.3,129.0918
01/10/2025,119.5,134.1401
